phoneNo,username,hashedPassw,email,age,aUsername,dateLastModified
88260384,bmuston15,4b4ff948b77f9bca76d5c37c643475b693f76d2dad92f8c1331d4be62f416e01,lputterill15@wordpress.com,52,cheildsj,2023-01-03
88369025,cdickie2j,de017288dd8f0c1dd0631929c7f33ddc0a01324c50bd0073f858e024297f2120,ebriscam2j@yale.edu,49,cheildsj,2023-02-15
96900162,crosson9,4d248efb678cdcf1f4e331e84ce277a459a140846b39a09cf7ccf3d60546b7f4,jsoftley9@google.de,52,cheildsj,2022-12-04
91228787,ctenant1e,1eedda9ec1ed6af82f58055049432e234eb67f02221b1aaf4d0b91a1a9075338,jjozwiak1e@alibaba.com,44,cheildsj,2023-01-24
86596667,ctwist2a,af85567279a8bba4d01a4ff80e6de43cbad65a2199f490103ee1762986c577e9,jdines2a@flickr.com,20,cheildsj,2023-03-27
99813438,dhamments2k,3b24ccb85b2054609fec380e9a9604e9240bbb4cf575c6bb732c2d02b250bfff,tmcgilvra2k@slideshare.net,28,cheildsj,2023-05-08
92592387,fcotelard22,f00ddf76c40b758ae64ebb671d27efd6ec7dcadefcd1508ff2dd195e58ffe3f2,cfrain22@oaic.gov.au,69,cheildsj,2023-05-04
88748262,gacosta1y,be126262687e91793f64c12e42a93bec680ae749ea9951583a2f86c4e636e69e,dliger1y@icq.com,74,cheildsj,2022-12-04
86761157,mkeast1u,8f59e32bf56fb8be869ef2654240608a4f860d85680502032e6b583cc7754d64,cbrafferton1u@e-recht24.de,18,cheildsj,2023-04-08
82243232,neasseby2m,440799d959600956f747c3fa346dc6fdfa22d08aee5db6386cf18cb4b3316c22,biddon2m@godaddy.com,65,cheildsj,2023-04-08